event_name,event_duration,participant_count,resources_required,event_date,time_until_event_days,actual_priority
Assimilated user-facing focus group,30,11,5,2025-10-16,19,2
Face-to-face client-driven support,60,62,3,2025-10-29,32,3
Synergistic user-facing moratorium,30,144,2,2025-10-15,18,4
Reverse-engineered interactive alliance,120,13,1,2025-10-14,17,2
Cross-group didactic emulation,30,60,4,2025-10-08,11,3
Robust 4thgeneration open architecture,30,148,4,2025-11-24,58,4
Universal solution-oriented standardization,120,61,8,2025-10-25,28,3
Operative directional knowledge user,90,6,3,2025-11-27,61,1
Grass-roots 24hour task-force,120,92,5,2025-12-02,66,3
Total interactive Graphical User Interface,60,60,6,2025-10-21,24,3
Distributed didactic task-force,30,28,7,2025-11-01,35,2
Customer-focused background implementation,30,96,6,2025-11-07,41,3
Multi-channeled grid-enabled portal,90,16,8,2025-10-15,18,3
Balanced upward-trending knowledgebase,30,101,2,2025-10-31,34,3
Decentralized homogeneous artificial intelligence,90,97,10,2025-11-27,61,3
Implemented responsive process improvement,60,22,1,2025-11-28,62,1
Re-engineered content-based strategy,60,79,2,2025-11-10,44,3
Balanced stable emulation,60,30,7,2025-10-12,15,3
Configurable discrete attitude,90,121,6,2025-11-03,37,4
Grass-roots logistical productivity,60,99,6,2025-11-11,45,3
Diverse holistic help-desk,60,73,2,2025-11-10,44,3
Synchronized encompassing standardization,60,141,4,2025-10-26,29,4
Robust scalable concept,60,123,7,2025-10-12,15,5
Upgradable dynamic complexity,90,147,4,2025-11-26,60,4
Multi-tiered encompassing productivity,90,19,4,2025-11-19,53,2
Face-to-face systemic Graphic Interface,30,85,7,2025-11-29,63,2
Focused 5thgeneration workforce,90,21,4,2025-10-11,14,3
Open-architected encompassing architecture,90,59,8,2025-11-05,39,3
Re-contextualized transitional functionalities,120,122,3,2025-10-26,29,4
Streamlined modular infrastructure,90,40,4,2025-10-26,29,3
Digitized empowering challenge,90,114,10,2025-11-19,53,4
User-friendly next generation monitoring,120,97,4,2025-10-29,32,4
User-friendly optimal interface,60,135,8,2025-10-31,34,4
Open-architected high-level definition,30,17,2,2025-12-01,65,1
Profound modular array,60,45,7,2025-10-19,22,3
Customizable coherent product,30,103,7,2025-10-10,13,4
Synergized interactive policy,120,140,5,2025-10-21,24,5
Networked homogeneous policy,30,34,9,2025-10-12,15,3
Progressive eco-centric neural-net,90,92,2,2025-11-20,54,3
Synergized uniform budgetary management,90,116,3,2025-10-07,10,4
Versatile encompassing throughput,120,5,5,2025-11-27,61,1
Customizable explicit Internet solution,60,134,2,2025-11-08,42,4
Persevering 24hour success,90,134,10,2025-10-21,24,5
Profit-focused well-modulated conglomeration,60,44,6,2025-10-31,34,3
Customer-focused responsive framework,60,143,9,2025-11-24,58,4
Robust dedicated collaboration,30,87,8,2025-11-24,58,3
Virtual cohesive moratorium,30,33,6,2025-11-11,45,2
Adaptive radical Graphic Interface,90,66,1,2025-11-26,60,2
Ameliorated bifurcated hierarchy,60,150,2,2025-11-22,56,4
Front-line analyzing encoding,30,129,2,2025-11-04,38,4
Configurable attitude-oriented superstructure,60,37,8,2025-11-30,64,2
Cloned well-modulated monitoring,60,72,9,2025-11-22,56,3
De-engineered stable leverage,120,59,9,2025-10-18,21,3
Down-sized empowering moderator,60,84,7,2025-11-28,62,3
Optimized didactic moratorium,90,117,9,2025-12-03,67,3
Universal fault-tolerant initiative,120,35,4,2025-10-25,28,3
Organic multi-state knowledge user,60,21,6,2025-11-11,45,2
Fully-configurable directional architecture,30,146,4,2025-10-17,20,5
Ameliorated optimizing neural-net,60,6,2,2025-11-07,41,1
Reverse-engineered directional ability,30,63,2,2025-10-28,31,3
Triple-buffered responsive approach,30,89,2,2025-10-12,15,3
Cloned 5thgeneration groupware,60,76,8,2025-10-28,31,3
Profound disintermediate focus group,60,143,3,2025-10-12,15,5
Extended needs-based capacity,120,67,8,2025-11-22,56,3
Re-engineered methodical encryption,120,53,2,2025-11-30,64,2
Open-source content-based attitude,30,115,6,2025-11-20,54,3
Switchable intermediate help-desk,120,110,8,2025-10-15,18,4
Open-source maximized superstructure,30,30,1,2025-11-16,50,1
Synergistic solution-oriented project,120,91,2,2025-10-11,14,4
Centralized impactful superstructure,60,54,4,2025-10-15,18,3
Customer-focused dynamic core,120,40,7,2025-11-07,41,3
Public-key local challenge,60,76,8,2025-10-24,27,3
Enterprise-wide even-keeled Local Area Network,60,24,8,2025-11-15,49,2
Compatible leadingedge workforce,30,17,9,2025-10-30,33,2
Cross-platform actuating projection,30,28,4,2025-11-28,62,1
Advanced background system engine,60,109,8,2025-11-27,61,3
Down-sized incremental matrix,120,59,7,2025-10-28,31,3
Extended impactful approach,30,47,7,2025-11-21,55,2
Multi-tiered 24hour info-mediaries,30,104,5,2025-10-21,24,4
Persevering executive interface,120,78,7,2025-10-31,34,3
Switchable transitional matrix,120,44,4,2025-11-28,62,2
Ergonomic explicit data-warehouse,90,60,1,2025-10-21,24,3
Reduced user-facing moratorium,30,85,1,2025-10-11,14,3
User-friendly foreground approach,30,127,9,2025-10-11,14,5
Reduced mission-critical middleware,60,19,9,2025-10-10,13,3
Diverse analyzing migration,30,52,2,2025-11-26,60,2
Enterprise-wide asymmetric policy,30,65,7,2025-10-13,16,3
Synergistic disintermediate initiative,30,150,4,2025-10-12,15,5
Re-contextualized dynamic paradigm,30,25,7,2025-10-17,20,2
Balanced regional artificial intelligence,90,71,4,2025-12-02,66,2
Switchable optimal open system,90,66,5,2025-11-15,49,3
Intuitive empowering database,120,38,5,2025-11-25,59,2
Front-line empowering infrastructure,120,85,2,2025-11-05,39,3
Synchronized secondary framework,30,122,10,2025-10-18,21,4
Intuitive web-enabled archive,30,23,9,2025-11-19,53,2
Persevering regional open system,60,134,5,2025-10-06,9,5
Compatible national data-warehouse,60,94,2,2025-10-15,18,4
Fundamental clear-thinking hardware,60,99,5,2025-11-24,58,3
Fully-configurable holistic forecast,60,117,9,2025-10-12,15,5
Organic needs-based strategy,90,140,1,2025-10-21,24,4
Seamless solution-oriented moderator,90,31,3,2025-11-04,38,2
Synchronized neutral framework,90,34,2,2025-10-06,9,3
Devolved empowering budgetary management,60,74,5,2025-10-16,19,3
User-friendly neutral collaboration,60,92,4,2025-10-16,19,4
Horizontal real-time database,90,134,8,2025-11-01,35,4
Expanded systemic productivity,90,18,2,2025-11-08,42,2
Profit-focused mobile extranet,120,75,1,2025-10-31,34,3
Cross-group scalable interface,30,90,3,2025-10-10,13,4
Balanced 24hour groupware,90,46,8,2025-11-01,35,3
Sharable empowering complexity,120,148,1,2025-10-18,21,5
Reactive tertiary interface,30,24,3,2025-11-17,51,1
Advanced bifurcated archive,30,99,10,2025-11-29,63,3
Quality-focused 5thgeneration hub,60,115,3,2025-10-20,23,4
Reactive client-server Internet solution,30,83,6,2025-12-01,65,2
Balanced fault-tolerant hierarchy,30,96,4,2025-10-18,21,4
Multi-channeled demand-driven software,60,31,6,2025-10-09,12,3
Synchronized bi-directional help-desk,120,44,4,2025-10-30,33,3
Open-source regional synergy,60,50,7,2025-11-29,63,2
Front-line cohesive website,30,50,6,2025-10-21,24,3
Open-source 4thgeneration conglomeration,120,68,5,2025-10-23,26,3
Open-source static support,60,32,7,2025-11-07,41,2
Future-proofed cohesive toolset,30,125,4,2025-10-30,33,4
Multi-tiered 5thgeneration leverage,60,122,6,2025-10-16,19,4
Exclusive logistical hardware,90,63,4,2025-10-27,30,3
Focused directional algorithm,30,54,7,2025-11-04,38,3
Open-architected full-range focus group,90,76,2,2025-10-24,27,3
Visionary even-keeled hardware,90,94,9,2025-10-12,15,4
Open-architected systematic monitoring,120,142,6,2025-11-24,58,4
Assimilated bifurcated firmware,30,34,5,2025-11-07,41,2
Reduced empowering alliance,60,72,1,2025-10-23,26,3
Right-sized intermediate hardware,30,116,6,2025-10-16,19,4
Optional real-time migration,90,116,10,2025-11-05,39,4
Networked object-oriented core,30,103,10,2025-10-17,20,4
Balanced tertiary Internet solution,60,70,1,2025-10-30,33,3
Programmable national software,120,5,9,2025-10-06,9,3
Multi-lateral intermediate architecture,60,98,7,2025-10-25,28,4
Secured foreground protocol,30,89,10,2025-11-07,41,3
Up-sized exuding middleware,90,36,5,2025-10-18,21,3
Synchronized incremental Graphic Interface,90,109,6,2025-11-05,39,4
Total explicit neural-net,120,80,9,2025-11-14,48,3
Ergonomic intangible secured line,60,54,7,2025-10-18,21,3
Synergistic value-added conglomeration,120,49,10,2025-11-11,45,3
Re-contextualized exuding initiative,90,108,9,2025-12-04,68,3
Adaptive exuding forecast,30,82,5,2025-11-28,62,2
Optional zero tolerance paradigm,60,115,10,2025-10-26,29,4
Streamlined fresh-thinking Local Area Network,90,124,8,2025-12-03,67,3
Organic systematic data-warehouse,120,59,9,2025-11-17,51,3
Phased user-facing concept,120,48,2,2025-11-24,58,2
Horizontal multimedia protocol,90,136,10,2025-10-14,17,5
Managed background system engine,90,28,4,2025-12-05,69,1
Synergistic fault-tolerant definition,90,62,4,2025-10-28,31,3
Digitized 4thgeneration analyzer,60,11,1,2025-10-25,28,2
Phased reciprocal throughput,60,126,10,2025-10-29,32,4
Persevering intangible product,30,121,7,2025-10-13,16,4
Ergonomic transitional standardization,60,103,8,2025-11-30,64,3
Proactive impactful encryption,120,67,3,2025-11-12,46,3
Streamlined system-worthy ability,30,32,7,2025-10-20,23,3
Vision-oriented interactive definition,60,50,9,2025-10-16,19,3
Total multi-state Local Area Network,120,17,9,2025-10-23,26,3
Realigned dynamic capability,60,36,8,2025-10-10,13,3
Devolved maximized secured line,60,123,9,2025-11-19,53,4
Realigned radical functionalities,90,118,10,2025-11-26,60,4
Seamless uniform middleware,120,145,8,2025-11-17,51,4
Reactive local complexity,60,126,8,2025-11-16,50,4
Organized empowering system engine,90,68,5,2025-11-21,55,2
Sharable even-keeled throughput,120,66,5,2025-10-30,33,3
Pre-emptive responsive encoding,120,24,5,2025-11-25,59,2
Organic asynchronous structure,60,74,6,2025-11-01,35,3
Front-line encompassing groupware,90,143,2,2025-11-02,36,4
Quality-focused attitude-oriented challenge,60,43,4,2025-11-06,40,2
Focused human-resource solution,120,44,4,2025-10-20,23,3
Triple-buffered didactic architecture,30,111,7,2025-10-20,23,4
Open-source full-range moratorium,90,143,8,2025-11-15,49,4
Operative analyzing database,120,20,4,2025-11-20,54,2
Networked zero administration paradigm,120,104,10,2025-11-15,49,4
Virtual object-oriented implementation,30,102,8,2025-10-07,10,4
Adaptive heuristic framework,30,95,5,2025-11-21,55,3
Operative national synergy,120,112,9,2025-11-12,46,4
Robust directional matrix,60,129,4,2025-11-28,62,3
Future-proofed intermediate matrix,90,116,8,2025-10-27,30,4
Networked global secured line,30,104,6,2025-10-08,11,4
Up-sized composite Local Area Network,120,47,8,2025-11-14,48,2
Secured national algorithm,60,141,1,2025-10-18,21,4
Reverse-engineered non-volatile protocol,120,149,1,2025-11-13,47,4
Configurable secondary interface,30,114,3,2025-10-08,11,4
Persistent contextually-based application,120,51,1,2025-10-19,22,3
Multi-tiered fresh-thinking data-warehouse,90,102,6,2025-10-31,34,4
Inverse global task-force,60,121,6,2025-11-19,53,3
Grass-roots web-enabled instruction set,90,102,5,2025-11-11,45,3
Configurable methodical adapter,120,69,2,2025-10-30,33,3
Business-focused grid-enabled definition,120,9,9,2025-11-27,61,2
Vision-oriented solution-oriented analyzer,30,94,4,2025-10-12,15,4
Fully-configurable dedicated adapter,30,15,1,2025-10-09,12,2
Distributed disintermediate capacity,60,56,1,2025-12-05,69,1
Synchronized bifurcated open system,60,66,3,2025-11-20,54,2
Persistent tangible extranet,120,34,10,2025-10-27,30,3
Down-sized real-time portal,60,124,5,2025-11-10,44,4
Vision-oriented cohesive function,90,47,10,2025-10-17,20,3
Reduced 4thgeneration function,30,46,5,2025-10-16,19,3
Synergistic homogeneous infrastructure,30,11,5,2025-11-30,64,1
